{"cameraMode":{"drawMode":0,"name":"Shaded","section":"Shading Mode"},"sceneLighting":true,"audioPlay":false,"sceneViewState":{"showFog":true,"showMaterialUpdate":false,"showSkybox":true,"showFlares":true,"showImageEffects":true,"showParticleSystems":true},"in2DMode":false,"pivot":{"x":-156.18069458007813,"y":-35.28818130493164,"z":-132.46426391601563},"rotation":{"x":0.039247773587703708,"y":-0.9407644271850586,"z":0.11685092002153397,"w":0.3158605992794037},"size":223.91940307617188,"orthographic":false}