{"cameraMode":{"drawMode":0,"name":"Shaded","section":"Shading Mode"},"sceneLighting":true,"audioPlay":false,"sceneViewState":{"showFog":true,"showMaterialUpdate":false,"showSkybox":true,"showFlares":true,"showImageEffects":true,"showParticleSystems":true},"in2DMode":false,"pivot":{"x":-387.3621520996094,"y":-117.55949401855469,"z":76.31098937988281},"rotation":{"x":-0.10261823236942291,"y":0.6785557270050049,"z":-0.09657680988311768,"w":-0.7209054231643677},"size":513.213134765625,"orthographic":false}