{"cameraMode":{"drawMode":0,"name":"Shaded","section":"Shading Mode"},"sceneLighting":true,"audioPlay":false,"sceneViewState":{"showFog":true,"showMaterialUpdate":false,"showSkybox":true,"showFlares":true,"showImageEffects":true,"showParticleSystems":true},"in2DMode":false,"pivot":{"x":-50.6767692565918,"y":-44.5680046081543,"z":66.23540496826172},"rotation":{"x":-0.23140479624271394,"y":0.6076624393463135,"z":-0.19122661650180818,"w":-0.7352758646011353},"size":118.94477844238281,"orthographic":false}