{"cameraMode":{"drawMode":0,"name":"Shaded","section":"Shading Mode"},"sceneLighting":false,"audioPlay":false,"sceneViewState":{"showFog":true,"showMaterialUpdate":false,"showSkybox":true,"showFlares":true,"showImageEffects":true,"showParticleSystems":true},"in2DMode":false,"pivot":{"x":22.659137725830079,"y":1.42266845703125,"z":15.955578804016114},"rotation":{"x":0.0902424305677414,"y":-0.7603441476821899,"z":0.10820188373327255,"w":0.6340548396110535},"size":6.097161293029785,"orthographic":false}