{"cameraMode":{"drawMode":0,"name":"Shaded","section":"Shading Mode"},"sceneLighting":false,"audioPlay":false,"sceneViewState":{"showFog":true,"showMaterialUpdate":false,"showSkybox":true,"showFlares":true,"showImageEffects":true,"showParticleSystems":true},"in2DMode":false,"pivot":{"x":2.865917682647705,"y":15.112283706665039,"z":-4.473548889160156},"rotation":{"x":-0.27407240867614748,"y":-0.6281121969223023,"z":0.25195881724357607,"w":-0.6832834482192993},"size":10.080710411071778,"orthographic":false}