{"cameraMode":{"drawMode":0,"name":"Shaded","section":"Shading Mode"},"sceneLighting":false,"audioPlay":false,"sceneViewState":{"showFog":true,"showMaterialUpdate":false,"showSkybox":true,"showFlares":true,"showImageEffects":true,"showParticleSystems":true},"in2DMode":false,"pivot":{"x":9.301871299743653,"y":2.358734130859375,"z":3.5792269706726076},"rotation":{"x":0.04271133989095688,"y":-0.5868643522262573,"z":0.03102344274520874,"w":0.8079625368118286},"size":7.470630645751953,"orthographic":false}