{"cameraMode":{"drawMode":0,"name":"Shaded","section":"Shading Mode"},"sceneLighting":false,"audioPlay":false,"sceneViewState":{"showFog":true,"showMaterialUpdate":false,"showSkybox":true,"showFlares":true,"showImageEffects":true,"showParticleSystems":true},"in2DMode":false,"pivot":{"x":10.460000038146973,"y":3.012399911880493,"z":21.530000686645509},"rotation":{"x":0.0837988331913948,"y":-0.4044053852558136,"z":0.0372399240732193,"w":0.9099710583686829},"size":6.689699649810791,"orthographic":false}