{"cameraMode":{"drawMode":0,"name":"Shaded","section":"Shading Mode"},"sceneLighting":true,"audioPlay":false,"sceneViewState":{"showFog":true,"showMaterialUpdate":false,"showSkybox":true,"showFlares":true,"showImageEffects":true,"showParticleSystems":true},"in2DMode":false,"pivot":{"x":-77.70503234863281,"y":-57.450408935546878,"z":3.5755183696746828},"rotation":{"x":0.195546492934227,"y":-0.6988140940666199,"z":0.2083951085805893,"w":0.6557376980781555},"size":117.71774291992188,"orthographic":false}