{"cameraMode":{"drawMode":0,"name":"Shaded","section":"Shading Mode"},"sceneLighting":false,"audioPlay":false,"sceneViewState":{"showFog":true,"showMaterialUpdate":false,"showSkybox":true,"showFlares":true,"showImageEffects":true,"showParticleSystems":true},"in2DMode":false,"pivot":{"x":-9.210000038146973,"y":3.8199996948242189,"z":-36.29999923706055},"rotation":{"x":-0.11227773874998093,"y":0.6546458601951599,"z":-0.0991881713271141,"w":-0.7409414649009705},"size":2.8578834533691408,"orthographic":false}