{"cameraMode":{"drawMode":0,"name":"Shaded","section":"Shading Mode"},"sceneLighting":false,"audioPlay":false,"sceneViewState":{"showFog":true,"showMaterialUpdate":false,"showSkybox":true,"showFlares":true,"showImageEffects":true,"showParticleSystems":true},"in2DMode":false,"pivot":{"x":13.400367736816407,"y":2.142400026321411,"z":-12.649999618530274},"rotation":{"x":-0.17287886142730714,"y":0.4470156729221344,"z":-0.0884886160492897,"w":-0.873189389705658},"size":6.689699649810791,"orthographic":false}