{"cameraMode":{"drawMode":0,"name":"Shaded","section":"Shading Mode"},"sceneLighting":true,"audioPlay":false,"sceneViewState":{"showFog":true,"showMaterialUpdate":false,"showSkybox":true,"showFlares":true,"showImageEffects":true,"showParticleSystems":true},"in2DMode":false,"pivot":{"x":39.02227020263672,"y":20.04999542236328,"z":-15.866653442382813},"rotation":{"x":-0.2219560295343399,"y":0.6203449368476868,"z":-0.18908818066120149,"w":-0.7281162738800049},"size":40.010372161865237,"orthographic":false}