{"cameraMode":{"drawMode":0,"name":"Shaded","section":"Shading Mode"},"sceneLighting":false,"audioPlay":false,"sceneViewState":{"showFog":true,"showMaterialUpdate":false,"showSkybox":true,"showFlares":true,"showImageEffects":true,"showParticleSystems":true},"in2DMode":false,"pivot":{"x":19.1680850982666,"y":2.7225215435028078,"z":1.7196323871612549},"rotation":{"x":-0.018367942422628404,"y":0.7045659422874451,"z":-0.018235469236969949,"w":-0.709166407585144},"size":11.431315422058106,"orthographic":false}