{"cameraMode":{"drawMode":0,"name":"Shaded","section":"Shading Mode"},"sceneLighting":false,"audioPlay":false,"sceneViewState":{"showFog":true,"showMaterialUpdate":false,"showSkybox":true,"showFlares":true,"showImageEffects":true,"showParticleSystems":true},"in2DMode":false,"pivot":{"x":-26.330171585083009,"y":-26.12352752685547,"z":58.32726287841797},"rotation":{"x":0.21750546991825105,"y":-0.39443960785865786,"z":0.09666042029857636,"w":0.887561559677124},"size":77.89566040039063,"orthographic":false}