{"cameraMode":{"drawMode":0,"name":"Shaded","section":"Shading Mode"},"sceneLighting":false,"audioPlay":false,"sceneViewState":{"showFog":true,"showMaterialUpdate":false,"showSkybox":true,"showFlares":true,"showImageEffects":true,"showParticleSystems":true},"in2DMode":false,"pivot":{"x":9.430755615234375,"y":16.227575302124025,"z":-33.85688400268555},"rotation":{"x":-0.3002556562423706,"y":-0.010830674320459366,"z":0.0034201061353087427,"w":-0.9537911415100098},"size":10.080710411071778,"orthographic":false}