{"cameraMode":{"drawMode":0,"name":"Shaded","section":"Shading Mode"},"sceneLighting":false,"audioPlay":false,"sceneViewState":{"showFog":true,"showMaterialUpdate":false,"showSkybox":true,"showFlares":true,"showImageEffects":true,"showParticleSystems":true},"in2DMode":false,"pivot":{"x":1.1920928955078126e-7,"y":1.9923999309539796,"z":-2.384185791015625e-7},"rotation":{"x":0.0837988331913948,"y":-0.4044053852558136,"z":0.0372399240732193,"w":0.9099710583686829},"size":6.689700603485107,"orthographic":false}