{"cameraMode":{"drawMode":0,"name":"Shaded","section":"Shading Mode"},"sceneLighting":false,"audioPlay":false,"sceneViewState":{"showFog":true,"showMaterialUpdate":false,"showSkybox":true,"showFlares":true,"showImageEffects":true,"showParticleSystems":true},"in2DMode":false,"pivot":{"x":11.27326774597168,"y":2.6330671310424806,"z":3.7219743728637697},"rotation":{"x":0.09508713334798813,"y":-0.8116598129272461,"z":0.13791844248771668,"w":0.5595939755439758},"size":7.470630645751953,"orthographic":false}