{"cameraMode":{"drawMode":0,"name":"Shaded","section":"Shading Mode"},"sceneLighting":false,"audioPlay":false,"sceneViewState":{"showFog":true,"showMaterialUpdate":false,"showSkybox":true,"showFlares":true,"showImageEffects":true,"showParticleSystems":true},"in2DMode":false,"pivot":{"x":-15.434135437011719,"y":-5.033294200897217,"z":26.86819076538086},"rotation":{"x":0.3523785173892975,"y":-0.3412483334541321,"z":0.139802023768425,"w":0.8601362705230713},"size":77.89566040039063,"orthographic":false}