{"cameraMode":{"drawMode":0,"name":"Shaded","section":"Shading Mode"},"sceneLighting":false,"audioPlay":false,"sceneViewState":{"showFog":true,"showMaterialUpdate":false,"showSkybox":true,"showFlares":true,"showImageEffects":true,"showParticleSystems":true},"in2DMode":false,"pivot":{"x":24.371997833251954,"y":2.6330671310424806,"z":2.8382091522216799},"rotation":{"x":-0.028292637318372728,"y":-0.9626748561859131,"z":0.24516640603542329,"w":-0.11113165318965912},"size":13.675727844238282,"orthographic":false}